﻿Name,Address,Prime Member,Credit Card Number
Rodrigo Carera,Tiburcio Sanchez de la Baqrquera 101,Yes,602740826238018
Juan Perez,Barranca 123,Yes,990713285003378
Yun Andraca,Mi casa,Yes,629109662323228
Moro Soe,TU CASA,No,917853973349232
Antorcha Corporativa,Piñon 100,No,885620503523301
Tela Viv,Delia 20,Yes,898001798468195
Abece Dario,Circuito Econocmista 20,Yes,861885740493162
Poquito Paquito,Merced Gomez 22,No,953603641012627
Benito Doque,Periferico 01,No,817926010080478
Andres Lopez,Juan Tinoco 21,No,782336271432208
Porquito Parquito,Izcapuzalco '0,No,658853791376406
Batito Paredes,Acapulco 123,No,633974214727608
Bonito Pescado,Calzada de las Brujas 21,Yes,875772555383032
Frankiln KooPLa,Division del Norte 100,No,855585047841355
Donde Esta,Tokien 121,No,920353398611631
Mexico Lindo,Corona Sagrada 544,Yes,803381511581582
Theia Beia,Tokio 21,Yes,809113338857773
Todos Lodos,Ecatepec del Monte 66,Yes,627334317966430
Pepe Landa,Neza NA,Yes,703115718047526
Lalo Pepo,Tulum 22,Yes,686746039453451